country_iso3,year,gdp_growth,inflation,unemployment,fdi_pct_gdp,population,control_corruption_score,government_effectiveness_score,political_stability_score,regulatory_quality_score,rule_of_law_score,country_name,country_iso2,currency,gdelt_risk_event_count,trade_import_value,final_risk_score,risk_label
ARE,2015,7.08766622657654,4.06996608361593,1.793,2.23861341413826,8505237.0,66.47589959999999,78.6403765,80.2130602,73.453947,63.0056242,United Arab Emirates,AE,AED,,,19.79,Low risk
ARE,2016,5.65790147196586,1.61748808904198,1.64,2.51620120421066,8935095.0,70.2507657,78.783119,77.7250567,71.8671512,64.2018989,United Arab Emirates,AE,AED,,,22.27,Low risk
ARE,2017,-1.06137114472548,1.96682557818842,2.462,2.5669608321193,9223225.0,69.63907259999999,78.1385983,78.1809681,72.39086019999999,63.5648206,United Arab Emirates,AE,AED,,,21.82,Low risk
ARE,2018,1.53720634021511,3.06863379251997,2.236,2.35729206588897,9346701.0,70.015474,78.7848806,80.134659,71.88384529999999,63.6651728,United Arab Emirates,AE,AED,,,19.87,Low risk
ARE,2019,1.27129120536284,-1.93108114782173,2.331,4.11928554446951,9445785.0,69.8741699,78.5272687,80.0644793,72.9323813,64.3010859,United Arab Emirates,AE,AED,,,19.94,Low risk
ARE,2020,-8.69343363776639,-2.07940317940944,4.294,5.56735667729859,9401038.0,69.3398258,70.8554731,80.0198861,71.6801826,63.8059426,United Arab Emirates,AE,AED,,,19.98,Low risk
ARE,2021,4.55280140106356,0.179935336174431,3.105,4.89230595097426,9575152.0,68.80446959999999,72.231295,80.2357804,71.6015479,62.7906023,United Arab Emirates,AE,AED,,,19.76,Low risk
ARE,2022,7.51452414254605,5.29122604376849,2.872,4.44591398367961,10074977.0,68.5486955,73.3741309,80.98113599999999,71.5429018,64.0194293,United Arab Emirates,AE,AED,,,19.02,Low risk
ARE,2023,4.30113648499413,1.62670837213248,2.151,5.87183983564899,10483751.0,67.9315494,76.8137703,79.2684716,72.2957632,64.6972832,United Arab Emirates,AE,AED,,,20.73,Low risk
ARE,2024,3.99181200361831,1.66336510224894,2.16,8.26261604873876,10986400.0,71.5418396,75.8392807,79.36614589999999,72.6169592,65.5157588,United Arab Emirates,AE,AED,,,20.63,Low risk
AUS,2015,2.16434780647852,1.50836803138463,6.055,3.456117831131,23815995.0,85.39162379999999,83.93283269999999,79.61514439999999,82.3013543,86.52900009999999,Australia,AU,AUD,,,20.38,Low risk
AUS,2016,2.75564065529868,1.27699365720306,5.711,3.54660341826144,24190907.0,84.176233,82.934005,82.19158089999999,83.47317249999999,86.7190682,Australia,AU,AUD,,,17.81,Low risk
AUS,2017,2.29331030192918,1.94864309065653,5.592,3.62158795648508,24592588.0,84.17408739999999,83.3122495,79.2718127,83.6562582,84.9097362,Australia,AU,AUD,,,20.73,Low risk
AUS,2018,2.87417039499501,1.91140002818579,5.345,4.23450805251819,24963258.0,83.6549548,84.87716449999999,80.9961371,83.6957403,85.1195657,Australia,AU,AUD,,,19.0,Low risk
AUS,2019,2.19401703622717,1.610770929127,5.143,2.77077560426989,25334826.0,84.01514069999999,83.7468389,80.3354191,83.98636189999999,85.091495,Australia,AU,AUD,,,19.66,Low risk
AUS,2020,-0.133531904304775,0.846900734607273,6.394,1.34826011276187,25649248.0,80.3186803,82.55700879999999,81.0276612,82.7534122,83.67810899999999,Australia,AU,AUD,,,18.97,Low risk
AUS,2021,2.00694844335034,2.86391284709318,5.022,2.01542405903096,25685412.0,81.8010164,84.4436776,80.4761134,83.03071159999999,83.9886779,Australia,AU,AUD,,,19.52,Low risk
AUS,2022,4.25304559238732,6.59409658717841,3.728,4.05215286724898,26018721.0,82.84870819999999,85.7080678,81.29405899999999,83.25565929999999,82.29793629999999,Australia,AU,AUD,,,18.71,Low risk
AUS,2023,3.58382100798981,5.59701792296707,3.668,2.03614704389564,26659922.0,84.4063894,85.9860939,81.70232969999999,83.4581518,82.8355625,Australia,AU,AUD,,,18.3,Low risk
AUS,2024,1.37340773365975,3.16656665428797,3.942,3.05761029844929,27194286.0,85.3425462,86.5155896,79.44470249999999,82.02623299999999,82.2713526,Australia,AU,AUD,,,20.56,Low risk
BGD,2015,6.55263987816197,6.19428022984984,4.397,1.4507824552936,159383179.0,25.9977736,38.610465,43.1479364,42.6114025,42.2164095,Bangladesh,BD,BDT,,,56.85,Moderate risk
BGD,2016,7.11347821270093,5.51352572692995,4.35,0.879528340271998,160811932.0,26.2613123,40.9618614,42.9773902,42.8886546,41.3564922,Bangladesh,BD,BDT,,,57.02,Moderate risk
BGD,2017,6.59024999794057,5.70207015717239,4.372,0.616341784631384,162186147.0,26.3545731,40.1951079,43.1937902,43.1432085,41.0567713,Bangladesh,BD,BDT,,,56.81,Moderate risk
BGD,2018,7.31941263014136,5.54362139486476,4.439,0.75354913412869,163523103.0,25.660416,39.2969731,48.3828183,42.4744798,41.3093968,Bangladesh,BD,BDT,,,51.62,Moderate risk
BGD,2019,7.88191515117722,5.59199639930629,4.504,0.543244141585063,164913055.0,25.5760817,39.7312669,48.8682227,40.8335313,40.7531366,Bangladesh,BD,BDT,,,51.13,Moderate risk
BGD,2020,3.44801755122445,5.69107474746211,5.539,0.407859894856915,166298024.0,26.0737663,37.3141497,48.5534122,40.7595081,41.5281449,Bangladesh,BD,BDT,,,51.45,Moderate risk
BGD,2021,6.93867912442445,5.54565430773473,5.457,0.414118154040593,167658854.0,25.7330264,40.3760073,47.8980425,41.1231008,40.1857393,Bangladesh,BD,BDT,,,52.1,Moderate risk
BGD,2022,7.09982877575158,7.69695437176898,4.593,0.347960024540439,169384897.0,24.0032436,39.2181042,47.1824874,40.2892485,40.2076588,Bangladesh,BD,BDT,,,52.82,Moderate risk
BGD,2023,5.77511237007889,9.8835030377921,3.352,0.335721505298968,171466990.0,23.5908891,40.5013434,48.1988033,40.654144,41.4402154,Bangladesh,BD,BDT,,,51.8,Moderate risk
BGD,2024,4.22325911250161,10.4657482763412,3.635,0.283870773350074,173562364.0,25.5454805,39.305124,40.9048506,39.8788257,40.4414129,Bangladesh,BD,BDT,,,59.1,Moderate risk
BRA,2015,-3.54576339269425,9.02990102416136,8.538,3.59214931791344,201675532.0,40.744618,49.360564,57.4235354,53.3435278,53.0887791,Brazil,BR,BRL,,,42.58,Moderate risk
BRA,2016,-3.27591690782192,8.73914352329393,11.58,4.13737803865892,203218114.0,40.4298743,49.3855865,56.9027106,53.3451223,54.4077541,Brazil,BR,BRL,,,43.1,Moderate risk
BRA,2017,1.32286905404399,3.44637335032669,12.792,3.33825981739039,204703445.0,38.3540827,49.2990606,55.6089843,53.1856369,52.1316368,Brazil,BR,BRL,,,44.39,Moderate risk
BRA,2018,1.783666761634,3.66485028376729,12.329,4.07858821454947,206107261.0,39.6038112,47.3268322,54.8735087,51.00996,50.0545424,Brazil,BR,BRL,,,45.13,Moderate risk
BRA,2019,1.22077782360842,3.73297621216894,11.936,3.692673213156,207455459.0,40.3095121,52.1733223,53.5594912,53.2947815,50.3183068,Brazil,BR,BRL,,,46.44,Moderate risk
BRA,2020,-3.2767587964736,3.21176803803376,13.697,2.59263795310275,208660842.0,41.0287424,49.6410809,58.5933483,52.4673449,50.2151562,Brazil,BR,BRL,,,41.41,Moderate risk
BRA,2021,4.76260437908608,8.30165975585673,13.158,2.77979084938159,209550294.0,39.6653253,50.0063582,59.1936982,52.480175,49.923063,Brazil,BR,BRL,,,40.81,Moderate risk
BRA,2022,3.01669435393015,9.28010608956873,9.231,3.8680317970139,210306415.0,38.6190444,46.7668678,58.7919168,51.7253658,49.3948665,Brazil,BR,BRL,,,41.21,Moderate risk
BRA,2023,3.24165532906981,4.59356282283204,7.947,2.86383344298207,211140729.0,38.7156512,46.1562672,56.9850729,51.1409432,48.6517238,Brazil,BR,BRL,,,43.01,Moderate risk
BRA,2024,3.41931516501906,4.36746407652337,6.801,3.38960808548439,211998573.0,39.5782583,46.9849597,57.0022212,50.2174997,49.2849848,Brazil,BR,BRL,,,43.0,Moderate risk
CAN,2015,0.64997101491096,1.12524136094277,,3.85389066466467,35704498.0,85.6654897,87.8298556,86.0984726,81.0256924,86.5750267,Canada,CA,CAD,,,13.9,Low risk
CAN,2016,1.03855091989323,1.42875954701085,,2.23834791127678,36110803.0,87.13823339999999,87.6329908,85.74849449999999,82.7862861,86.7161028,Canada,CA,CAD,,,14.25,Low risk
CAN,2017,3.03383491841392,1.59688412852977,,1.5375171282853,36545075.0,85.9923561,89.2743247,83.3042064,83.9445913,86.440747,Canada,CA,CAD,,,16.7,Low risk
CAN,2018,2.74296341402246,2.26822567248103,,2.46930986353956,37072620.0,84.4384176,87.0103408,81.902439,80.7639121,86.271688,Canada,CA,CAD,,,18.1,Low risk
CAN,2019,1.90843193887251,1.94926902411593,,2.80676080429286,37618495.0,84.1986505,87.30267189999999,81.3392569,81.40054599999999,85.91765699999999,Canada,CA,CAD,,,18.66,Low risk
CAN,2020,-5.03823342794087,0.716999632307827,,1.75896848026439,38028638.0,81.0957447,84.157378,82.04517799999999,79.9847535,83.7891422,Canada,CA,CAD,,,17.95,Low risk
CAN,2021,5.95052804984759,3.39519318527528,,2.97618405526996,38239864.0,80.5573179,84.06124489999999,78.8835053,80.5966057,83.62982269999999,Canada,CA,CAD,,,21.12,Low risk
CAN,2022,4.69541985045903,6.80280115341613,,2.30686661821278,38950132.0,81.2937211,86.48058069999999,74.56238139999999,80.60513809999999,82.8712609,Canada,CA,CAD,,,25.44,Low risk
CAN,2023,1.95308552199025,3.87900159788426,,1.99841597173847,40049088.0,80.7748172,85.2754831,76.6008039,79.6626569,81.68217349999999,Canada,CA,CAD,,,23.4,Low risk
CAN,2024,2.04626605401701,2.38158383281173,,2.77756440541293,41262329.0,80.8871678,85.5449383,76.1173365,76.3468072,82.1066204,Canada,CA,CAD,,,23.88,Low risk
CHN,2015,6.98162255562367,1.43702380935655,4.65,2.14957284731563,1379860000.0,44.3109113,61.716004,56.5636835,52.0404678,45.5698342,China,CN,CNY,,,43.44,Moderate risk
CHN,2016,6.7736886867727,2.00000182191943,4.56,1.52539470315394,1387790000.0,45.9730125,61.9022563,57.3289648,52.5299811,46.2738931,China,CN,CNY,,,42.67,Moderate risk
CHN,2017,6.89123916636191,1.59313600071436,4.47,1.32468971748482,1396215000.0,46.8579481,62.5939326,62.4219089,53.7455019,47.7494062,China,CN,CNY,,,37.58,Moderate risk
CHN,2018,6.757806142324,2.07479039965576,4.31,1.66361992284408,1402760000.0,46.4348595,61.6672656,61.8459925,53.434562,48.0074945,China,CN,CNY,,,38.15,Moderate risk
CHN,2019,6.06737806333672,2.89923416358227,4.56,1.28549226847992,1407745000.0,46.8505275,64.38070189999999,63.5270765,53.8861719,47.4720196,China,CN,CNY,,,36.47,Moderate risk
CHN,2020,2.33950385203023,2.41942189457782,5.0,1.68770756292082,1411100000.0,48.929991,62.3749054,60.7244539,53.8120983,48.1981013,China,CN,CNY,,,39.28,Moderate risk
CHN,2021,8.57038414981781,0.981015135544882,4.55,1.8903454142588,1412360000.0,48.9819814,64.3085821,61.4673891,54.4733371,47.69469,China,CN,CNY,,,38.53,Moderate risk
CHN,2022,3.13385438394069,1.97357555739051,4.98,1.03841365474349,1412175000.0,48.7299338,61.6310064,61.6400806,53.4303195,47.2602075,China,CN,CNY,,,38.36,Moderate risk
CHN,2023,5.41600334492955,0.234836828893051,4.67,0.280991103634816,1410710000.0,50.1587695,66.4607065,62.9144825,53.5713664,47.4599153,China,CN,CNY,,,37.09,Moderate risk
CHN,2024,4.95830378788091,0.218128938439177,4.59,0.227695125306895,1408975000.0,49.649869,68.7581244,63.2751622,53.7384426,46.9942092,China,CN,CNY,,,36.72,Moderate risk
DEU,2015,1.66300602334775,0.514426137125456,4.612,1.82239938063641,81686611.0,82.7383756,89.4963851,80.0916647,80.7471408,86.90913119999999,Germany,DE,EUR,,,19.91,Low risk
DEU,2016,2.22222216259371,0.491747008445174,4.104,1.64365840117303,82348669.0,83.5429199,88.39657489999999,79.4663004,81.50875839999999,85.9619349,Germany,DE,EUR,,,20.53,Low risk
DEU,2017,2.797906720551,1.50949485109628,3.781,2.88914588414184,82657002.0,84.7401905,88.091681,77.8895081,81.5900917,86.2725572,Germany,DE,EUR,,,22.11,Low risk
DEU,2018,1.13569604599849,1.73216879766942,3.384,4.00082875273687,82905782.0,86.67425089999999,86.3768371,79.967946,81.35170509999999,86.4901366,Germany,DE,EUR,,,20.03,Low risk
DEU,2019,0.977734697038784,1.44565976888253,3.163,1.9056930139782,83092962.0,85.8450483,88.0532013,78.3156599,81.12438209999999,86.3547779,Germany,DE,EUR,,,21.68,Low risk
DEU,2020,-4.13191443239947,0.144877925813982,3.881,4.48523547812751,83160871.0,85.7329669,85.9752286,77.5791167,79.5011339,84.9686433,Germany,DE,EUR,,,22.42,Low risk
DEU,2021,3.90999994204108,3.06666666666673,3.594,2.93002168676674,83196078.0,84.782052,86.85681079999999,77.17345089999999,80.30068179999999,85.1033429,Germany,DE,EUR,,,22.83,Low risk
DEU,2022,1.8092581243061,6.87257438551097,3.137,1.82269397984058,83177813.0,84.7431984,85.9365,74.9216757,79.523299,84.1757238,Germany,DE,EUR,,,25.08,Low risk
DEU,2023,-0.869647578573321,5.94643667725823,3.071,1.99210813981277,83287273.0,82.25335199999999,81.7001069,74.5380247,78.1129713,84.2533906,Germany,DE,EUR,,,25.46,Low risk
DEU,2024,-0.495851897260366,2.2564981433876,3.4,1.33680512940413,83516593.0,83.7515919,81.40675499999999,68.0170742,78.4893499,84.9456033,Germany,DE,EUR,,,31.98,Low risk
ESP,2015,4.06086672473866,-0.500365709903243,22.057,1.97131692755332,46422303.0,59.804381,72.1152492,73.3306681,67.5496507,73.3826078,Spain,ES,EUR,,,26.67,Low risk
ESP,2016,2.91515598595787,-0.202598000426358,19.635,3.61722479660389,46458139.0,60.498362,71.8350998,73.1708988,70.04388039999999,74.2855433,Spain,ES,EUR,,,26.83,Low risk
ESP,2017,2.89604207865007,1.95607633363954,17.224,2.54039212306223,46571232.0,59.8781067,71.1731923,70.6878491,68.8481133,74.608077,Spain,ES,EUR,,,29.31,Low risk
ESP,2018,2.39541124478878,1.67498136863799,15.255,4.46748509754483,46782011.0,62.9450676,72.1501162,71.61084989999999,68.7999285,74.03781409999999,Spain,ES,EUR,,,28.39,Low risk
ESP,2019,1.96117850841711,0.699518994458648,14.104,2.16052375036307,47118501.0,64.4581709,73.0905204,70.4560005,69.7613795,75.8206692,Spain,ES,EUR,,,29.54,Low risk
ESP,2020,-10.9400706350371,-0.322753017299649,15.532,2.92165980781023,47359424.0,64.673557,71.71388189999999,70.94529949999999,68.06493449999999,73.83384319999999,Spain,ES,EUR,,,29.05,Low risk
ESP,2021,6.68314420473001,3.09313511976402,14.914,4.42272902452136,47443821.0,64.2927469,73.1230736,72.440575,69.39094349999999,72.8117494,Spain,ES,EUR,,,27.56,Low risk
ESP,2022,6.37031712129601,8.39057634118637,13.033,4.65609043363165,47786102.0,63.6771189,73.5436342,68.57579799999999,68.07778979999999,73.4979264,Spain,ES,EUR,,,31.42,Low risk
ESP,2023,2.46085796805582,3.53236133492433,12.179,2.89981565316893,48352528.0,62.8238936,72.3009649,68.43011419999999,65.819898,72.9785917,Spain,ES,EUR,,,31.57,Low risk
ESP,2024,3.45525405630191,2.747147886618,11.4,2.47896679493344,48848840.0,62.3193026,72.9391098,65.8432851,64.6542875,73.0011894,Spain,ES,EUR,,,34.16,Low risk
FRA,2015,1.06675474783462,0.0375143805125182,10.354,1.76596182973896,66548272.0,74.095044,79.7147617,68.8591869,72.42783779999999,78.3487803,France,FR,EUR,,,31.14,Low risk
FRA,2016,0.860031075424033,0.183334861123765,10.057,1.44200321416196,66724104.0,75.026776,78.9518133,65.18494489999999,72.2518067,78.58632589999999,France,FR,EUR,,,34.82,Low risk
FRA,2017,2.08361485997399,1.03228275064681,9.409,1.68928072199317,66918020.0,75.31231319999999,78.5973333,69.82268309999999,74.3068827,78.390549,France,FR,EUR,,,30.18,Low risk
FRA,2018,1.64590872395887,1.85081508315493,9.018,2.78594184568695,67158348.0,76.4426936,80.8697481,67.67688559999999,74.8593461,78.0557733,France,FR,EUR,,,32.32,Low risk
FRA,2019,2.02744646419237,1.10825492288294,8.415,1.96486943301562,67382061.0,75.4248136,80.1591081,69.3801876,77.844343,77.3579292,France,FR,EUR,,,30.62,Low risk
FRA,2020,-7.44064589948231,0.476498852725065,8.009,0.731471704018579,67601110.0,74.0468813,80.32481969999999,68.0652717,74.7166668,76.3646169,France,FR,EUR,,,31.93,Low risk
FRA,2021,6.88233783360239,1.64233141038394,7.871,3.30405312221271,67842811.0,76.6545435,81.2128456,68.0151167,75.1194295,75.56177199999999,France,FR,EUR,,,31.98,Low risk
FRA,2022,2.71676264185913,5.22236748369725,7.303,4.0180319137717,68184457.0,75.9023965,79.8021859,66.2332512,74.8750592,74.51135289999999,France,FR,EUR,,,33.77,Low risk
FRA,2023,1.43921494437743,4.8783572650844,7.335,0.590645170561014,68372286.0,73.5063433,77.62430789999999,65.5737443,74.3046227,74.0827805,France,FR,EUR,,,34.43,Low risk
FRA,2024,1.19046798275883,1.99904942291463,7.4,1.64700185498585,68551653.0,72.5135486,74.6869309,61.771486,72.9392482,73.8081373,France,FR,EUR,,,38.23,Moderate risk
GBR,2015,2.14040560033371,0.36804684232536,5.552,1.53903424150931,65087000.0,81.33979889999999,83.1560518,75.0691258,83.46785589999999,85.5496474,United Kingdom,GB,GBP,,,24.93,Low risk
GBR,2016,2.20652020635357,1.0084173681141,4.909,11.9998637298189,65606000.0,83.47823,83.4783092,73.5786913,81.3749994,84.7289378,United Kingdom,GB,GBP,,,26.42,Low risk
GBR,2017,3.02322219840339,2.55775577557747,4.501,4.64443540147576,65964000.0,84.6158123,81.7911302,73.42161399999999,81.191969,84.6468204,United Kingdom,GB,GBP,,,26.58,Low risk
GBR,2018,1.55133095078786,2.29283990345938,4.145,-0.864867036878713,66287000.0,84.3780735,80.9891227,70.72153229999999,81.27806509999999,82.53116709999999,United Kingdom,GB,GBP,,,29.28,Low risk
GBR,2019,1.25629899760824,1.73810460086513,3.657,0.688204352262878,66628000.0,83.6302925,78.49738909999999,75.59929939999999,81.8869902,81.7218803,United Kingdom,GB,GBP,,,24.4,Low risk
GBR,2020,-10.047896637362,0.989486703772491,4.472,5.77039185007421,66740000.0,82.69103059999999,78.0332564,74.6097896,80.11857549999999,80.2936931,United Kingdom,GB,GBP,,,25.39,Low risk
GBR,2021,8.5431118453255,2.51837109614213,4.864,3.20643815254935,66978000.0,81.5403055,77.1809881,73.3482195,80.1090196,79.4450626,United Kingdom,GB,GBP,,,26.65,Low risk
GBR,2022,5.14970388522993,7.92204883147902,3.768,2.91635435189931,67636000.0,80.9553454,76.4866596,72.1751474,80.87290999999999,79.3292982,United Kingdom,GB,GBP,,,27.82,Low risk
GBR,2023,0.271650048355255,6.79396706793963,4.025,0.403116734836793,68526000.0,77.7024943,73.4657181,72.1862761,79.92336639999999,78.8284082,United Kingdom,GB,GBP,,,27.81,Low risk
GBR,2024,1.08027716858781,3.2715729463592,4.361,-0.350561573947678,69281000.0,78.4145814,74.3798903,70.2964669,78.6971573,78.8208235,United Kingdom,GB,GBP,,,29.7,Low risk
IDN,2015,4.87632230022123,6.36312061196646,4.514,2.29761639380441,261799249.0,37.269181,50.1223884,56.6870383,52.6644356,50.4036099,Indonesia,ID,IDR,,,43.31,Moderate risk
IDN,2016,5.03306918280177,3.52580452815451,4.301,0.487372471368879,264627418.0,38.0931936,53.7163997,57.9790701,55.4045544,51.4261426,Indonesia,ID,IDR,,,42.02,Moderate risk
IDN,2017,5.06978590134916,3.80879857691949,3.783,2.01948919812582,267346658.0,40.2284346,54.3846673,55.9594851,56.443186,51.5158034,Indonesia,ID,IDR,,,44.04,Moderate risk
IDN,2018,5.17429153955024,3.19834755924996,4.387,1.81428979349441,269951846.0,41.0105675,56.2687851,56.6224801,56.0213415,53.183197,Indonesia,ID,IDR,,,43.38,Moderate risk
IDN,2019,5.01928768046282,3.03058460941661,3.59,2.23336204282241,272489381.0,39.1944788,57.4126224,55.9824787,56.6131467,53.6607218,Indonesia,ID,IDR,,,44.02,Moderate risk
IDN,2020,-2.06551182934165,1.91983527270793,4.255,1.81058402027127,274814866.0,40.8581326,55.4967156,56.6712515,58.407906,54.417917,Indonesia,ID,IDR,,,43.33,Moderate risk
IDN,2021,3.70288562827751,1.56007882983334,3.827,1.7878556314554,276758053.0,39.4300275,54.2003128,54.7968926,60.2592563,54.4919144,Indonesia,ID,IDR,,,45.2,Moderate risk
IDN,2022,5.30719722664799,4.20946463714784,3.462,1.87264100861425,278830529.0,40.36113,55.8672272,52.8702435,59.296523,54.7424954,Indonesia,ID,IDR,,,47.13,Moderate risk
IDN,2023,5.04883117855516,3.66938654859761,3.308,1.57116966408747,281190067.0,38.8844656,56.6528103,55.4106465,60.2378198,55.5576115,Indonesia,ID,IDR,,,44.59,Moderate risk
IDN,2024,5.03257477088519,2.18151273615189,3.301,1.73855290316368,283487931.0,36.8309801,54.8365911,55.4895207,56.8298066,53.4090118,Indonesia,ID,IDR,,,44.51,Moderate risk
IND,2015,7.99625378567987,4.90697344127249,7.629,2.09211521443253,1328024498.0,40.8716377,59.0568048,52.8796025,49.6531841,54.5995656,India,IN,INR,,,47.12,Moderate risk
IND,2016,8.25630550176662,4.94821634062134,7.611,1.9373641224439,1343944296.0,42.0814783,58.6538119,53.3186065,50.8635602,55.5475105,India,IN,INR,,,46.68,Moderate risk
IND,2017,6.79538341902422,3.32817337461305,7.626,1.50731583255894,1359657400.0,43.3121737,58.1999807,56.121815,51.4588982,56.2764251,India,IN,INR,,,43.88,Moderate risk
IND,2018,6.45385134495295,3.93882646691643,7.652,1.55821483801456,1374659064.0,43.6453089,61.0922301,54.3030106,52.4093503,57.3146728,India,IN,INR,,,45.7,Moderate risk
IND,2019,3.87143694070524,3.72950573539123,6.51,1.78482633957161,1389030312.0,43.4354345,61.1691545,55.8082856,53.3152922,56.6186668,India,IN,INR,,,44.19,Moderate risk
IND,2020,-5.77772470687303,6.6234367762853,7.859,2.40620322673636,1402617695.0,42.703618,58.1320686,53.5848591,52.5183166,55.1924812,India,IN,INR,,,46.42,Moderate risk
IND,2021,9.68959249191741,5.13140747176364,6.38,1.41217101040888,1414203896.0,41.7670443,56.0073078,55.618123,52.1829925,53.7961752,India,IN,INR,,,44.38,Moderate risk
IND,2022,7.6093649776932,6.69903414079858,4.822,1.53665241748393,1425423212.0,41.9344499,57.9369129,53.0233442,53.4803007,55.0631273,India,IN,INR,,,46.98,Moderate risk
IND,2023,7.210224629335,5.64914318907925,4.172,0.802254995836756,1438069596.0,41.0674847,59.5575797,51.5804563,52.8571419,55.4517708,India,IN,INR,,,48.42,Moderate risk
IND,2024,7.09927893176518,4.95303550973661,4.173,0.721648483526777,1450935791.0,41.8767696,59.2076282,52.4723123,53.3476378,56.2895569,India,IN,INR,,,47.53,Moderate risk
ITA,2015,0.885667635240807,0.0387903996579733,11.896,0.720886367724088,60229605.0,49.2267197,58.5385497,72.63528819999999,64.1201032,64.91248929999999,Italy,IT,EUR,,,27.36,Low risk
ITA,2016,1.23622108511661,-0.09401665691575,11.688,1.35957350873308,60115223.0,50.3897538,59.7770308,71.9044211,64.8578067,64.8988136,Italy,IT,EUR,,,28.1,Low risk
ITA,2017,1.60369995294101,1.22653316645812,11.211,0.44334154868577,60002252.0,51.7990463,58.8834672,70.2390966,64.8883338,64.520185,Italy,IT,EUR,,,29.76,Low risk
ITA,2018,0.826646712344115,1.13748763600391,10.538,2.10769610409512,59877221.0,52.8685098,59.8004841,72.2549458,63.6990094,64.17114339999999,Italy,IT,EUR,,,27.75,Low risk
ITA,2019,0.429162533780342,0.611246943765304,9.884,1.77066894209208,59729081.0,53.5807568,60.2576967,71.4003499,65.9203005,66.0800324,Italy,IT,EUR,,,28.6,Low risk
ITA,2020,-8.86822122185345,-0.13770757391651,9.192,-0.893869914296462,59438851.0,58.5820595,61.9905283,71.5703375,62.3028255,66.5103998,Italy,IT,EUR,,,28.43,Low risk
ITA,2021,8.93106210800055,1.87378325762481,9.497,1.20474315612308,59133173.0,58.7737508,62.5163957,73.39701819999999,63.9087126,67.0932093,Italy,IT,EUR,,,26.6,Low risk
ITA,2022,4.82117669913565,8.20128991161718,8.069,2.94181405797187,59013667.0,59.4705879,65.2987922,72.9400137,64.34435859999999,66.8431119,Italy,IT,EUR,,,27.06,Low risk
ITA,2023,0.922796543670316,5.62219442195901,7.627,1.81363348239025,58984216.0,59.4218321,67.9329688,73.9866119,65.8357262,68.1612229,Italy,IT,EUR,,,26.01,Low risk
ITA,2024,0.783039135276795,0.982373023061417,6.5,1.19623307999136,58952704.0,59.0516772,66.7457636,71.1675431,64.9588526,67.6216519,Italy,IT,EUR,,,28.83,Low risk
JPN,2015,1.79997735783475,0.795279630579839,3.385,0.115829519336403,,77.2168959,84.5129644,86.7789985,77.1186037,81.67962969999999,Japan,JP,JPY,,,13.22,Low risk
JPN,2016,0.704986495111257,-0.127258844489754,3.132,0.801395644123668,,77.1095449,86.6068501,85.0237906,78.9740104,81.6394617,Japan,JP,JPY,,,14.98,Low risk
JPN,2017,1.62345062245441,0.484199796126385,2.822,0.37319148031924,,77.7326178,84.63862139999999,85.8692068,76.9203885,82.5949156,Japan,JP,JPY,,,14.13,Low risk
JPN,2018,0.834143845965585,0.989094598021848,2.467,0.490646618599307,,76.0098891,86.82386679999999,85.330928,76.3835577,82.559088,Japan,JP,JPY,,,14.67,Low risk
JPN,2019,-0.308496921143259,0.46877615938395,2.351,0.761769170240795,,76.8716644,87.0499696,84.9598388,76.76385239999999,82.987206,Japan,JP,JPY,,,15.04,Low risk
JPN,2020,-4.28327942675573,-0.024995834027731,2.809,1.20605775501323,,76.8027176,86.4392038,85.24011019999999,76.42519899999999,83.0196947,Japan,JP,JPY,,,14.76,Low risk
JPN,2021,3.56419531474475,-0.233352779398264,2.808,0.67025659122188,,77.3143791,83.4821825,85.7099533,76.87304429999999,83.3298195,Japan,JP,JPY,,,14.29,Low risk
JPN,2022,1.33164750653741,2.49770278172255,2.614,1.08260095152642,,77.04179649999999,90.8264358,87.6884434,77.1114908,82.9264987,Japan,JP,JPY,,,12.31,Low risk
JPN,2023,0.720785304749811,3.26813365933163,2.6,0.456297698647986,,74.9337419,90.0027288,87.5440509,76.90938009999999,82.926836,Japan,JP,JPY,,,12.46,Low risk
JPN,2024,-0.240084236041696,2.73853681635241,2.5,0.450454817292247,,75.322857,91.9378443,85.270442,75.83302789999999,82.97998439999999,Japan,JP,JPY,,,14.73,Low risk
KOR,2015,2.92029267301234,0.70633177245575,3.546,0.266636382581676,51014947.0,54.8375921,74.6415719,77.2995045,70.5731613,74.357169,South Korea,KR,KRW,,,22.7,Low risk
KOR,2016,3.17152748983935,0.971685739912168,3.65,0.766507046338007,51217803.0,55.0047204,74.4078722,74.7023463,70.2540535,74.65866609999999,South Korea,KR,KRW,,,25.3,Low risk
KOR,2017,3.433191763972,1.94433230786366,3.653,1.04741749331971,51361911.0,56.51282,74.3374479,76.57852609999999,69.9923819,74.3794466,South Korea,KR,KRW,,,23.42,Low risk
KOR,2018,3.17611568177327,1.47583935002645,3.824,0.66781363782051,51585058.0,58.8116187,78.2996628,80.7641604,69.9547702,76.0698578,South Korea,KR,KRW,,,19.24,Low risk
KOR,2019,2.31380210595475,0.383000303608136,3.746,0.550202642546341,51764822.0,60.2693169,82.9882538,80.490315,69.246572,76.0778177,South Korea,KR,KRW,,,19.51,Low risk
KOR,2020,-0.700242317542106,0.537288023411737,3.931,0.502554290313687,51836239.0,63.154697,82.2854536,80.7211746,69.1882871,76.7221314,South Korea,KR,KRW,,,19.28,Low risk
KOR,2021,4.61296795454287,2.49833333333339,3.639,1.13577953855347,51769539.0,63.2670395,82.96003669999999,81.2769586,70.44494759999999,77.06952249999999,South Korea,KR,KRW,,,18.72,Low risk
KOR,2022,2.72756456708991,5.08951365062842,2.857,1.39186469730544,51672569.0,64.4874887,80.2050057,80.5106575,70.9067427,77.0360701,South Korea,KR,KRW,,,19.49,Low risk
KOR,2023,1.58301467403629,3.5974562502901,2.675,1.03221435142435,51712619.0,65.6442296,80.420774,81.8173145,70.6287777,77.3500467,South Korea,KR,KRW,,,18.18,Low risk
KOR,2024,2.00361101838986,2.32174328643542,2.784,0.685857996519477,51751065.0,65.05119719999999,80.2483639,76.81550589999999,70.8498709,76.19689,South Korea,KR,KRW,,,23.18,Low risk
MEX,2015,2.70232343024026,2.72064064964023,4.311,2.98783786611186,,30.8336421,53.2847969,50.6531064,57.7420193,45.2102836,Mexico,MX,MXN,,,49.35,Moderate risk
MEX,2016,1.7724932254128,2.8217078474766,3.853,3.49768027047347,,31.2331432,53.8304719,51.64984,57.4026104,45.4749739,Mexico,MX,MXN,,,48.35,Moderate risk
MEX,2017,1.87172854648381,6.04145724018986,3.419,2.78307493364523,,28.6631687,51.5346523,48.0339505,57.4505902,44.4008161,Mexico,MX,MXN,,,51.97,Moderate risk
MEX,2018,1.97208211101069,4.89935015356551,3.275,3.0141785043816,,28.7721329,50.8168666,50.0543383,54.8126908,43.088259,Mexico,MX,MXN,,,49.95,Moderate risk
MEX,2019,-0.392690513290532,3.63596142127046,3.477,2.29651449559824,,29.8469098,51.171928,50.5648971,54.2041143,41.8879329,Mexico,MX,MXN,,,49.44,Moderate risk
MEX,2020,-8.35403459379062,3.39683415570006,4.44,2.81400875229273,,30.5727672,50.4408854,52.6169798,52.9751437,39.9835084,Mexico,MX,MXN,,,47.38,Moderate risk
MEX,2021,6.04848347173572,5.68920847683753,4.019,2.70530313479407,,30.1761404,50.4510527,53.3188388,51.8459998,39.3268581,Mexico,MX,MXN,,,46.68,Moderate risk
MEX,2022,3.70975708309098,7.8962761916855,3.256,2.67267286267437,,30.1282206,49.640729,55.8325808,52.3971353,38.3383975,Mexico,MX,MXN,,,44.17,Moderate risk
MEX,2023,3.1067964131456,5.52796087314389,2.765,1.7099038174861,,28.986428,49.8847981,55.6715218,52.086238,38.4166425,Mexico,MX,MXN,,,44.33,Moderate risk
MEX,2024,1.35057631384696,4.72225588452932,2.678,2.48429388161511,,28.8100291,47.0640988,53.6732923,51.7749322,37.1058908,Mexico,MX,MXN,,,46.33,Moderate risk
MYS,2015,5.09153242155011,2.10438980238359,,3.27094402931735,31232798.0,52.7935737,67.6059224,66.6594252,66.88680939999999,58.9296701,Malaysia,MY,MYR,,,33.34,Low risk
MYS,2016,4.44978139761541,2.09056659525742,,4.47130958598651,31789685.0,49.9486685,66.4538797,65.62386169999999,66.36164,58.663424,Malaysia,MY,MYR,,,34.38,Low risk
MYS,2017,5.81272240983328,3.87120115774237,,2.9358203805856,32355644.0,49.336186,66.1388399,65.6920105,66.9472518,59.2131717,Malaysia,MY,MYR,,,34.31,Low risk
MYS,2018,4.84308697634881,0.884709160571235,,2.31458721219734,32910967.0,57.8448648,68.0473561,68.9172284,66.6588099,61.8937766,Malaysia,MY,MYR,,,31.08,Low risk
MYS,2019,4.41318742129586,0.662891865764326,,2.50697705748044,33440596.0,57.1842175,67.2315239,68.6426383,66.7821061,62.7978859,Malaysia,MY,MYR,,,31.36,Low risk
MYS,2020,-5.45684658426701,-1.1387021539305,,1.20275464255821,33889558.0,56.3668583,68.2086053,68.28701989999999,64.9178769,62.9879505,Malaysia,MY,MYR,,,31.71,Low risk
MYS,2021,3.31534954399166,2.47710241465447,,5.41626377085161,34282399.0,53.9576967,66.9664999,69.2442318,66.36947529999999,62.1560402,Malaysia,MY,MYR,,,30.76,Low risk
MYS,2022,9.03173723044451,3.37869862549928,,3.68486215546291,34695493.0,55.3650278,66.618172,70.13575639999999,65.2051438,62.0469295,Malaysia,MY,MYR,,,29.86,Low risk
MYS,2023,3.5370638041057,2.48886560125754,,1.97990062716743,35126298.0,55.5607189,65.8744129,69.7921566,64.1428062,62.1569094,Malaysia,MY,MYR,,,30.21,Low risk
MYS,2024,5.10545921024041,1.834100204499,,3.6930953933026,35557673.0,57.9431536,69.1273333,72.4670498,65.5948635,62.9047385,Malaysia,MY,MYR,,,27.53,Low risk
NLD,2015,2.12064007193544,0.600248147278776,6.872,48.4706196279081,16939923.0,85.56712999999999,88.82920829999999,81.4706964,83.0257199,89.3889268,Netherlands,NL,EUR,,,18.53,Low risk
NLD,2016,2.42428065449427,0.316666666666652,6.007,34.7918547450687,17030314.0,86.4710077,89.4892666,80.93984979999999,85.7251642,89.5170088,Netherlands,NL,EUR,,,19.06,Low risk
NLD,2017,2.78150834679987,1.38145871407216,4.837,23.7131758376085,17131296.0,84.8361738,90.3198724,79.2526096,85.9075606,89.0677475,Netherlands,NL,EUR,,,20.75,Low risk
NLD,2018,2.25873158164956,1.70349794744479,3.832,-30.6576768564655,17231624.0,87.2560999,90.8032877,79.44179,85.4072786,88.29211269999999,Netherlands,NL,EUR,,,20.56,Low risk
NLD,2019,2.3001616053659,2.63369910249591,3.379,-13.7565327156949,17344874.0,87.32143959999999,91.4720745,77.8266632,84.2436994,88.6893891,Netherlands,NL,EUR,,,22.17,Low risk
NLD,2020,-3.86799714191608,1.27246037789161,3.82,-23.6860117625863,17441500.0,89.6456515,91.0015797,78.01018619999999,82.69517929999999,88.49428689999999,Netherlands,NL,EUR,,,21.99,Low risk
NLD,2021,6.27683593745216,2.67572008805385,4.209,-10.9725941589172,17533044.0,88.90511699999999,87.3814124,78.4148135,83.6353658,87.5440788,Netherlands,NL,EUR,,,21.59,Low risk
NLD,2022,5.00723453395074,10.0012078753473,3.526,1.47701805979237,17700982.0,86.6695427,85.65942079999999,76.5743154,82.0427251,86.7204829,Netherlands,NL,EUR,,,23.43,Low risk
NLD,2023,-0.598061017580278,3.83839354342808,3.535,-30.2430732965592,17877117.0,85.9839538,85.3894503,76.28751369999999,81.9596634,86.52375769999999,Netherlands,NL,EUR,,,23.71,Low risk
NLD,2024,1.07383137319854,3.34754304219953,3.7,-1.40518243891316,17993485.0,86.5164277,85.406351,73.2073612,82.0184513,86.34203509999999,Netherlands,NL,EUR,,,26.79,Low risk
PAK,2015,4.21794209572506,2.52932817254229,,0.557734356032139,217290883.0,27.9955138,39.4682574,24.3870695,44.043468,41.2198719,Pakistan,PK,PKR,,,75.61,High risk
PAK,2016,6.57383828511043,3.7651191635658,,0.821349998064174,220138869.0,28.1613224,41.026367,26.0080143,44.4594518,41.2520559,Pakistan,PK,PKR,,,73.99,High risk
PAK,2017,4.43262590683975,4.08537368032608,,0.735837049658425,223273967.0,28.9283045,43.1480596,28.0004036,44.3870689,42.0691874,Pakistan,PK,PKR,,,72.0,High risk
PAK,2018,6.15170261099519,5.07805725868917,,0.487745750658143,226928892.0,28.3401745,41.4757961,31.9741236,44.4173043,42.5142321,Pakistan,PK,PKR,,,68.03,High risk
PAK,2019,2.49763692943365,10.5780305672025,,0.696146480411465,230800899.0,28.1909519,41.6806369,32.9381408,45.0803111,42.9850137,Pakistan,PK,PKR,,,67.06,High risk
PAK,2020,-1.27408744338709,9.74011619320125,,0.684695289874347,235001746.0,28.8885035,39.3830517,38.7661403,43.8130901,42.972992,Pakistan,PK,PKR,,,61.23,High risk
PAK,2021,6.51388575852702,9.49641577285205,,0.616039439073827,239477801.0,29.5123294,41.2872377,37.7158986,44.5428148,42.7982259,Pakistan,PK,PKR,,,62.28,High risk
PAK,2022,4.7781068690358,19.8738599646655,,0.389980753542853,243700667.0,28.7069653,38.0780236,35.9060416,42.7921461,41.2878353,Pakistan,PK,PKR,,,64.09,High risk
PAK,2023,-0.414935997088406,30.7681280657005,,0.608281270820624,247504495.0,26.6784275,38.5358563,32.7495326,41.8989333,39.6801955,Pakistan,PK,PKR,,,67.25,High risk
PAK,2024,3.08176295579301,12.6325318530452,,0.716885239403099,251269164.0,26.2849685,39.6677025,30.6476878,42.3591418,39.4597729,Pakistan,PK,PKR,,,69.35,High risk
PHL,2015,6.34830971672761,0.674192536845408,3.068,1.84018010717942,105312992.0,35.9037134,59.274047,50.0628483,56.2476709,49.5647499,Philippines,PH,PHP,,,49.94,Moderate risk
PHL,2016,7.14945675000752,1.25369880080982,2.695,2.59850803494211,106735719.0,35.44452,56.2005872,41.3367179,56.8522856,48.8248033,Philippines,PH,PHP,,,58.66,Moderate risk
PHL,2017,6.9309883258402,2.85318772590947,2.552,3.12238778404896,108119693.0,34.9637026,54.7710745,44.0426791,57.0205367,46.7882711,Philippines,PH,PHP,,,55.96,Moderate risk
PHL,2018,6.34148557153473,5.30934661627707,2.338,2.86833826070497,109465287.0,34.9238369,55.5875464,47.672128,54.7822362,45.9532714,Philippines,PH,PHP,,,52.33,Moderate risk
PHL,2019,6.11852566221303,2.39206534422404,2.237,2.30117498598294,110804683.0,35.4840983,54.875588,48.650639,55.7876579,45.8276987,Philippines,PH,PHP,,,51.35,Moderate risk
PHL,2020,-9.51829474045297,2.3931623931624,2.522,1.88586363211171,112081264.0,36.9393411,54.8698093,49.8113371,55.0858329,46.0680376,Philippines,PH,PHP,,,50.19,Moderate risk
PHL,2021,5.71473313185116,3.92718022100332,3.398,3.04078855310045,113100950.0,36.2283633,54.3791841,47.2142694,55.0969912,45.3703225,Philippines,PH,PHP,,,52.79,Moderate risk
PHL,2022,7.58098212785563,5.82115811213955,2.598,2.3475097233369,113964338.0,36.1659708,52.0364364,50.5373103,54.9385089,46.0841106,Philippines,PH,PHP,,,49.46,Moderate risk
PHL,2023,5.51894967856043,5.97802515541409,2.2,2.04210354820336,114891199.0,36.3367608,53.3201947,53.7824112,55.8622915,46.6183464,Philippines,PH,PHP,,,46.22,Moderate risk
PHL,2024,5.71474526128652,3.21260487006347,2.202,2.03571882251572,115843670.0,36.1832247,54.1505555,52.6707116,56.113404,47.0863157,Philippines,PH,PHP,,,47.33,Moderate risk
POL,2015,4.43176700264478,-0.874125874125862,7.475,3.29546177974363,37986412.0,64.77054629999999,68.2915982,84.0646826,67.67492779999999,71.34938869999999,Poland,PL,PLN,,,15.94,Low risk
POL,2016,3.03117767594847,-0.664767331433962,6.141,3.81608721408819,37970087.0,65.4782389,65.9236394,75.6518937,67.6559059,69.9512118,Poland,PL,PLN,,,24.35,Low risk
POL,2017,5.15245773325907,2.07593553673859,4.867,2.37812815599278,37974826.0,64.6441157,63.461552,76.1783691,66.2486473,67.62015629999999,Poland,PL,PLN,,,23.82,Low risk
POL,2018,6.2458584723942,1.81295156542689,3.835,3.34803954559233,37974750.0,63.5788766,64.79818639999999,76.6592008,66.88542149999999,66.3848598,Poland,PL,PLN,,,23.34,Low risk
POL,2019,4.58045817256199,2.22747880938291,3.267,3.15455649244208,37965475.0,62.3529926,64.234619,77.4004756,67.9175001,66.0240098,Poland,PL,PLN,,,22.6,Low risk
POL,2020,-2.03556882399977,3.37446972618589,3.155,3.31499059495462,37515748.0,62.9185856,64.49584159999999,75.3665626,65.67408809999999,64.8828903,Poland,PL,PLN,,,24.63,Low risk
POL,2021,6.92718266052501,5.05502704719272,3.268,5.44306737738578,36981559.0,61.7601929,62.7886528,75.5488506,65.4865691,64.0186411,Poland,PL,PLN,,,24.45,Low risk
POL,2022,5.25545697386036,14.4294507575758,2.811,6.00626096603428,36821749.0,61.3638697,61.3624514,75.0754802,65.69806849999999,63.0667016,Poland,PL,PLN,,,24.92,Low risk
POL,2023,0.249610834017872,11.5289127961105,2.743,4.38918673390545,36687353.0,63.1064958,63.6700055,74.5306813,66.3020619,63.0992023,Poland,PL,PLN,,,25.47,Low risk
POL,2024,3.02841630700273,3.79060897630197,2.807,2.24523191798779,36559233.0,63.9280835,64.4341341,74.4122187,65.67938889999999,66.8937579,Poland,PL,PLN,,,25.59,Low risk
SAU,2015,4.65512316652699,1.22269318552328,5.6,0.572622097928938,29816382.0,45.000931,52.9975543,57.894166,58.6054982,52.3558045,Saudi Arabia,SA,SAR,,,42.11,Moderate risk
SAU,2016,1.70404739202878,2.05347076823965,5.6,3.18518611850268,30954198.0,50.2916026,56.8213355,57.2526665,57.8279089,53.5228864,Saudi Arabia,SA,SAR,,,42.75,Moderate risk
SAU,2017,1.18210705878283,-0.834845735027162,5.89,0.136801407151884,30977355.0,50.0814185,54.7809656,54.4923157,56.4465642,51.2380399,Saudi Arabia,SA,SAR,,,45.51,Moderate risk
SAU,2018,3.2269508901591,2.46594308994843,6.029,1.36945683303735,30196281.0,51.0050357,56.5030836,55.6728063,56.1327398,52.9607246,Saudi Arabia,SA,SAR,,,44.33,Moderate risk
SAU,2019,1.65158925617395,-1.19298644533328,5.636,0.346411455797861,30063799.0,52.166833,56.4333535,56.4504428,57.6909104,54.0463,Saudi Arabia,SA,SAR,,,43.55,Moderate risk
SAU,2020,-3.80478901996312,3.37234961012303,7.66,0.211115523412857,31552510.0,54.3630881,53.4389277,56.4512285,57.5945518,53.8782065,Saudi Arabia,SA,SAR,,,43.55,Moderate risk
SAU,2021,6.51959698325419,3.06328988941548,6.621,2.8850612174452,30784383.0,52.642418,58.8939981,57.9136458,60.9762692,54.1098832,Saudi Arabia,SA,SAR,,,42.09,Moderate risk
SAU,2022,12.0005874752929,2.47407371925372,5.589,2.1556449627378,32175224.0,53.4564616,61.3410999,59.7146785,63.6030924,57.6414938,Saudi Arabia,SA,SAR,,,40.29,Moderate risk
SAU,2023,0.542592439393161,2.32708518362706,4.008,1.87130991298946,33702731.0,57.5090881,65.4540371,61.7058738,64.4850665,58.9708502,Saudi Arabia,SA,SAR,,,38.29,Moderate risk
SAU,2024,2.64893068308965,1.68792112375809,3.518,1.70136894275871,35300280.0,63.0932113,66.5710105,65.0715555,66.0645617,60.5850662,Saudi Arabia,SA,SAR,,,34.93,Low risk
SGP,2015,2.97679931634806,-0.521975611895763,3.79,22.6541826890491,5535002.0,89.9569319,93.8738309,84.8949902,90.03844269999999,83.5736762,Singapore,SG,SGD,,,15.11,Low risk
SGP,2016,3.91095306322606,-0.529809760375464,4.08,20.3059406285478,5607283.0,90.4515115,95.0042168,87.7393927,89.53526339999999,83.59613619999999,Singapore,SG,SGD,,,12.26,Low risk
SGP,2017,4.32679370770501,0.576763191179996,4.2,29.5741008560154,5612253.0,90.6151744,94.4261072,89.569172,88.7548541,82.6575367,Singapore,SG,SGD,,,10.43,Low risk
SGP,2018,3.18660848474074,0.438784215129623,3.613,22.7862106121625,5638676.0,90.8769177,94.4482054,88.09078509999999,88.5630657,83.3609829,Singapore,SG,SGD,,,11.91,Low risk
SGP,2019,1.15877947300108,0.567829988405447,3.1,28.1758142041642,5703569.0,90.7440179,94.9771682,87.3842662,89.2601751,83.23461499999999,Singapore,SG,SGD,,,12.62,Low risk
SGP,2020,-3.61084281729929,-0.172111865925382,4.1,22.5843942948636,5685807.0,90.9144779,94.4177755,87.8537403,88.33293859999999,82.27106859999999,Singapore,SG,SGD,,,12.15,Low risk
SGP,2021,10.1410845197192,2.31610315765146,4.64,32.2624851402185,5453566.0,89.95850469999999,94.4686196,87.7872673,88.5386295,81.6232905,Singapore,SG,SGD,,,12.21,Low risk
SGP,2022,4.01027884472296,6.13095418919732,3.591,28.0305519383786,5637022.0,89.0057518,94.1426523,85.7908535,87.1812874,81.53999069999999,Singapore,SG,SGD,,,14.21,Low risk
SGP,2023,1.45026775889565,4.83372362825798,3.444,24.607056245637,5917648.0,86.801475,95.3284225,86.46127899999999,88.4485778,81.48039,Singapore,SG,SGD,,,13.54,Low risk
SGP,2024,5.3435120192366,2.38951123595017,2.737,23.5787255966584,6036860.0,87.69263889999999,95.6655857,86.93683759999999,88.48934849999999,81.596249,Singapore,SG,SGD,,,13.06,Low risk
THA,2015,3.13404724911635,-0.898143410569433,0.597,2.22468548959784,70540795.0,36.7757693,52.6510813,46.1476533,58.1254903,50.4986354,Thailand,TH,THB,,,53.85,Moderate risk
THA,2016,3.43515771692182,0.186235191075453,0.688,0.843364340718618,70859841.0,39.5817176,53.1751287,46.6539451,57.5485891,51.3201195,Thailand,TH,THB,,,53.35,Moderate risk
THA,2017,4.1776810321001,0.664415139830893,0.83,1.81550260101987,71160187.0,40.3466027,54.3886359,49.0742678,58.1795579,51.474009,Thailand,TH,THB,,,50.93,Moderate risk
THA,2018,4.22287028746071,1.06683487370758,0.765,2.71279835138662,71376079.0,40.3060731,54.7516616,49.1566626,57.1515751,51.8246908,Thailand,TH,THB,,,50.84,Moderate risk
THA,2019,2.11455779628278,0.705524801910317,0.716,1.01734877580041,71522271.0,40.0524608,54.0667732,55.8413351,56.2924522,53.518212,Thailand,TH,THB,,,44.16,Moderate risk
THA,2020,-6.09306312966953,-0.846087518861799,1.099,-0.858310188764945,71641484.0,40.1221848,53.6186352,53.3677964,56.2170223,53.4591397,Thailand,TH,THB,,,46.63,Moderate risk
THA,2021,1.55858232076893,1.23104516549814,1.215,3.04112326260094,71727332.0,39.9738832,55.3968725,53.9991989,56.490505,52.532598,Thailand,TH,THB,,,46.0,Moderate risk
THA,2022,2.63784213566305,6.07589952842433,0.94,2.39157096115532,71735329.0,39.6776827,55.7638453,56.2063996,56.6541981,52.3485261,Thailand,TH,THB,,,43.79,Moderate risk
THA,2023,2.24883437970568,1.22908986612448,0.733,1.9975474592024,71702435.0,38.9620291,57.278445,58.3805816,56.7392613,53.597765,Thailand,TH,THB,,,41.62,Moderate risk
THA,2024,2.94859986593323,0.398333333333422,0.781,2.70165281834265,71668011.0,37.1805433,56.27225,54.2220045,56.5410603,53.2556386,Thailand,TH,THB,,,45.78,Moderate risk
TUR,2015,5.80557386628684,7.67085364845885,,2.225752648523,78218479.0,45.7015634,57.8182771,46.9449387,58.28807,48.7487819,Turkey,TR,TRY,,,53.06,Moderate risk
TUR,2016,3.32366508200445,7.7751341532833,,1.58873607703875,79277962.0,46.1425596,55.4087042,35.4862476,57.2964845,47.5698504,Turkey,TR,TRY,,,64.51,High risk
TUR,2017,7.82585730002594,11.1443110840764,,1.29532700760314,80312698.0,46.507721,56.9298118,36.7492235,57.1293832,46.3736394,Turkey,TR,TRY,,,63.25,High risk
TUR,2018,3.46815306092219,16.3324638988929,,1.57923380202967,81407204.0,43.1645279,52.2695935,46.6927681,55.6793272,44.7632614,Turkey,TR,TRY,,,53.31,Moderate risk
TUR,2019,1.30162365464503,15.1768215720022,,1.22536076199392,82579440.0,44.2075641,55.4219261,45.5253689,54.6143904,46.6891064,Turkey,TR,TRY,,,54.47,Moderate risk
TUR,2020,1.80306247087255,12.2789574462574,,1.02531493703228,83384680.0,41.2919795,52.7193901,48.1362744,52.2583184,44.7460611,Turkey,TR,TRY,,,51.86,Moderate risk
TUR,2021,11.811094450607,19.5964926913324,,1.50891969619413,84147318.0,39.7741275,51.8281987,49.2892722,52.9207969,43.620488,Turkey,TR,TRY,,,50.71,Moderate risk
TUR,2022,5.44122511322401,72.3088359891207,,1.48839623728753,84979913.0,39.101218,50.8583854,49.922523,51.2488229,43.5432566,Turkey,TR,TRY,,,50.08,Moderate risk
TUR,2023,5.04512369812289,53.8594087593315,,0.933806495534912,85325965.0,39.0000224,49.1222075,50.7861106,51.536951,43.2093397,Turkey,TR,TRY,,,49.21,Moderate risk
TUR,2024,3.3276230893799,58.5064507300342,,0.860701598247461,85518661.0,36.4544855,49.9654888,49.3131044,51.5312748,42.4489468,Turkey,TR,TRY,,,50.69,Moderate risk
USA,2015,2.94555045227337,0.118627135552451,5.28,2.79548220201356,321815121.0,72.8887558,81.921098,77.2686791,75.23858729999999,80.6641363,United States,US,USD,,,22.73,Low risk
USA,2016,1.81945147909089,1.26158320570536,4.869,2.52268117379751,324353340.0,72.99544689999999,82.2968867,71.49570969999999,77.06345739999999,81.0107788,United States,US,USD,,,28.5,Low risk
USA,2017,2.45762230126449,2.13011000365961,4.355,1.94177554246862,326608609.0,74.28661389999999,82.4298488,67.7755797,78.6622599,79.68341699999999,United States,US,USD,,,32.22,Low risk
USA,2018,2.96650506701943,2.44258329692817,3.896,1.03945408799819,328529577.0,73.1653584,83.2803088,70.8565316,78.2710025,77.13749279999999,United States,US,USD,,,29.14,Low risk
USA,2019,2.58382533052225,1.81221007526021,3.669,1.46696501417689,330226227.0,71.5773432,81.4636929,66.8276892,76.431118,76.30123669999999,United States,US,USD,,,33.17,Low risk
USA,2020,-2.081375977796,1.23358439630629,8.055,0.641236014628299,331578104.0,70.612324,78.61459959999999,63.3866948,75.016521,74.25082069999999,United States,US,USD,,,36.61,Moderate risk
USA,2021,6.15202247867526,4.69785886363742,5.349,2.01451214498067,332100166.0,70.6216776,79.39387119999999,63.735279,77.9559668,74.65688659999999,United States,US,USD,,,36.26,Moderate risk
USA,2022,2.52421385073222,8.00279982052121,3.65,1.60006208497274,333996304.0,72.192362,79.9489163,63.1167764,77.87060559999999,75.0674875,United States,US,USD,,,36.88,Moderate risk
USA,2023,2.93436322440155,4.11633838374488,3.638,1.30141768246586,336755052.0,72.045619,77.7556405,62.5953145,77.4267473,73.49888159999999,United States,US,USD,,,37.4,Moderate risk
USA,2024,2.79318715363841,2.94952520485207,4.022,1.01391858895004,340003797.0,69.8551773,77.7839316,64.2697196,76.19345849999999,73.5177858,United States,US,USD,,,35.73,Moderate risk
VNM,2015,6.98715430598611,0.631200905175685,1.848,4.93190773329022,92823254.0,40.2154072,53.278707,67.05899289999999,49.6745086,50.5503329,Vietnam,VN,VND,,,32.94,Low risk
VNM,2016,6.69000892660424,2.66824816969082,1.848,4.90089302916746,94000117.0,40.6349049,52.3972727,69.0117358,49.9461067,52.47983,Vietnam,VN,VND,,,30.99,Low risk
VNM,2017,6.94019037359206,3.52025688811618,1.874,5.01148721749681,95176977.0,39.276038,52.7084431,68.4569391,50.5475593,51.64039,Vietnam,VN,VND,,,31.54,Low risk
VNM,2018,7.46500685572751,3.53962805942641,1.161,4.99828319622328,96237319.0,39.8572899,51.6994735,64.96755759999999,50.2564141,52.0515382,Vietnam,VN,VND,,,35.03,Moderate risk
VNM,2019,7.35926270105006,2.79582367452244,1.681,4.821074861051,97173776.0,40.5244914,52.136435,67.4603405,50.4776383,51.8817753,Vietnam,VN,VND,,,32.54,Low risk
VNM,2020,2.86541320912272,3.22093436652515,2.103,4.55836196782424,98079191.0,41.5155594,52.6620263,68.1190087,51.1430534,51.7726646,Vietnam,VN,VND,,,31.88,Low risk
VNM,2021,2.55372852648131,1.83471554810462,2.383,4.27314566190187,98935098.0,41.5662482,52.2784619,68.1933102,49.4260646,51.61835,Vietnam,VN,VND,,,31.81,Low risk
VNM,2022,8.53750041218142,3.15650749963112,1.57,4.32947308910883,99680655.0,42.8756812,49.331569,67.99191809999999,49.3869152,51.1673005,Vietnam,VN,VND,,,32.01,Low risk
VNM,2023,4.97865959483225,3.25289282667662,1.645,4.26458856546888,100352192.0,41.6124232,47.8521338,67.4445741,50.4557586,51.109648,Vietnam,VN,VND,,,32.56,Low risk
VNM,2024,7.03955197123018,3.62109273885844,1.602,4.23450755062236,100987686.0,42.7600555,49.5458577,65.9913074,50.6548775,51.5616803,Vietnam,VN,VND,,,34.01,Low risk
ZAF,2015,1.32186223678229,4.51869094892506,25.149,0.438735792056356,,48.0860951,56.0942459,60.5909646,59.510035,57.7229004,South Africa,ZA,ZAR,,,39.41,Moderate risk
ZAF,2016,0.664552307858116,6.60290842394872,26.536,0.684612553455795,,48.4749937,55.2548767,60.1223224,58.9811893,58.1714096,South Africa,ZA,ZAR,,,39.88,Moderate risk
ZAF,2017,1.15794695181735,5.18618655524149,27.035,0.539673956759456,,46.238209,55.6720559,59.3550083,58.4851513,57.2114826,South Africa,ZA,ZAR,,,40.64,Moderate risk
ZAF,2018,1.55678384721676,4.50987264867388,26.906,1.3742911715346,,46.8965568,54.2202351,60.7804491,55.9437729,55.7886824,South Africa,ZA,ZAR,,,39.22,Moderate risk
ZAF,2019,0.25993557687633,4.10285075461156,28.468,1.31407752293306,,48.5628824,55.0228162,60.1164309,56.7364366,55.6753499,South Africa,ZA,ZAR,,,39.88,Moderate risk
ZAF,2020,-6.1689177146757,3.23238831615113,29.217,0.933073684352391,,48.3743811,53.1939817,61.6419067,56.2807483,55.9083277,South Africa,ZA,ZAR,,,38.36,Moderate risk
ZAF,2021,4.85864865060148,4.61874544887136,34.007,9.68098022663018,,49.1616473,52.1589454,52.6765125,55.1425627,59.0484877,South Africa,ZA,ZAR,,,47.32,Moderate risk
ZAF,2022,2.05813661692193,7.03987272546482,33.268,2.26670277731613,,44.545875,51.3101517,54.2056557,53.8802608,57.5516367,South Africa,ZA,ZAR,,,45.79,Moderate risk
ZAF,2023,0.80610455095804,6.0752438457966,32.098,1.0127377916456,,43.6123698,47.7497513,54.9671159,53.8835444,57.6449634,South Africa,ZA,ZAR,,,45.03,Moderate risk
ZAF,2024,0.534843531905139,4.36115246518962,32.279,0.580891709673066,,43.9726469,46.9478119,55.3527432,53.9146724,57.2693915,South Africa,ZA,ZAR,,,44.65,Moderate risk
